{
  "logistic_regression": {
    "auc_roc": 0.930685504171939,
    "auc_pr": 0.24737287741210665,
    "f1": 0.42048517520215634,
    "precision": 0.4148936170212766,
    "recall": 0.4262295081967213,
    "accuracy": 0.9928381079280479,
    "optimal_threshold": 0.9793277937148341,
    "threshold_used": 0.9793277937148341,
    "precision_at_100": 0.43,
    "precision_at_50": 0.36,
    "true_positives": 78,
    "false_positives": 110,
    "true_negatives": 29727,
    "false_negatives": 105,
    "num_samples": 30020,
    "num_positive": 183
  },
  "xgboost": {
    "auc_roc": 0.9135505096818397,
    "auc_pr": 0.2675471950677936,
    "f1": 0.3953488372093023,
    "precision": 0.422360248447205,
    "recall": 0.37158469945355194,
    "accuracy": 0.9930712858094604,
    "optimal_threshold": 0.5870440602302551,
    "threshold_used": 0.5870440602302551,
    "precision_at_100": 0.54,
    "precision_at_50": 0.6,
    "true_positives": 68,
    "false_positives": 93,
    "true_negatives": 29744,
    "false_negatives": 115,
    "num_samples": 30020,
    "num_positive": 183
  }
}