{
  "auc_roc": 0.9544319216376189,
  "auc_pr": 0.25592378407839095,
  "f1": 0.3700234192037471,
  "precision": 0.3237704918032787,
  "recall": 0.43169398907103823,
  "accuracy": 0.9910393071285809,
  "optimal_threshold": 0.9999768733978271,
  "threshold_used": 0.9999768733978271,
  "precision_at_100": 0.41,
  "precision_at_50": 0.38,
  "true_positives": 79,
  "false_positives": 165,
  "true_negatives": 29672,
  "false_negatives": 104,
  "num_samples": 30020,
  "num_positive": 183
}